id,agentID,completed,mission_name
1,1,True,Doctor No
2,1,True,From Russia with Love
3,1,True,Goldfinger
4,1,True,Thunderball True
5,1,True,You Only Live Twice
6,1,True,Diamonds Are Forever
7,1,True,Live and Let Die
8,1,True,The Man with the Golden Gun
9,1,True,The Spy Who Loved Me
10,1,True,Moonraker
11,1,True,For Your Eyes Only
12,1,True,A View to a Kill
13,1,True,The Living Daylights
14,1,True,License to Kill
15,1,True,GoldenEye
16,1,True,Tomorrow Never Dies
17,1,True,The World Is Not Enough
18,1,True,Die Another Day
19,1,True,Casino Royale
20,1,True,Quantum of Solace
21,1,True,Skyfall
22,1,False,Spectre
23,2,True,Tsunami Connection
24,2,True,The Third Option
25,2,True,Ronin
26,2,True,Consent to Kill
27,2,True,Six Days of the Condor
28,2,True,Doctor Yes
29,2,True,The Saladin Strategy
30,2,True,The Looking Glass War
31,2,True,The Orphan Uprising
32,2,True,The Saint
33,2,True,The Key to Rebecca
34,2,True,Mexico Set
35,2,True,The Fallen Angle
36,2,False,Tinker Tailor
37,3,True,Term Limits
38,3,True,Up Country
39,3,True,Moscow Rules
40,3,True,Soldier Spy
41,3,True,The Polish Officer
42,3,True,Without Fail
43,3,True,Ice Station Zebra
44,3,True,Viral
45,3,True,Burn After Reading
46,3,True,Gods of War
47,3,True,The Charm School
48,3,True,Rainbow Six
49,3,True,Ministry of Fear
50,3,True,Tripwire
51,3,True,The Tailor of Panama
52,3,True,Berlin Game
53,3,False,Black Book
54,4,True,Pepper
55,4,True,The Debt
56,4,True,The Eagle has Landed
57,4,True,The Sum of All Fears
58,4,True,Shibumi
59,5,True,License to Tango
60,5,True,Torn Curtain
61,5,True,Absolute Power
62,5,True,The Transfer of Power
63,5,True,Mission Possible
64,5,True,The Little Drummer Girl
65,5,True,Night Train to Munich
66,5,True,The Fourth Protocol
67,5,True,Mr and Mrs Smith
68,5,True,Red Sparrow
69,5,True,Our Man Flint
70,5,True,The Osterman Weekend
71,5,True,Saboteur
72,5,True,Eye of the Needle
73,5,True,The Tourist
74,5,True,Hopscotch
75,5,True,Salt
76,5,True,Pickup on South Street
77,5,True,The Manchurian Candidate
78,5,True,Arabesque
79,5,True,North by Northwest
80,5,True,Our Man in Havana
81,5,True,The Good Shepherd
82,5,True,Notorious
83,5,False,The Day of the Jackal
84,6,True,The Recruit
85,6,True,Kingsman
86,6,True,Blue October
87,6,True,Duplicity
88,6,False,The 39 Steps
89,8,True,The Odessa File
90,8,True,Broken Arrow
91,8,True,Hay Wire
92,8,True,True Lies
93,8,True,One Shot
94,8,True,Plum Island
95,8,True,Killing Floor
96,8,True,Body of Lies
97,8,True,The Camel Club
98,8,True,The Company
99,8,True,The Kill Artist
100,8,True,Gorky Park
101,8,True,Breach
